-- MySQL Script generated by MySQL Workbench
-- Mon Dec  4 11:35:39 2017
-- Model: New Model    Version: 1.0
-- MySQL Workbench Forward Engineering

SET @OLD_UNIQUE_CHECKS=@@UNIQUE_CHECKS, UNIQUE_CHECKS=0;
SET @OLD_FOREIGN_KEY_CHECKS=@@FOREIGN_KEY_CHECKS, FOREIGN_KEY_CHECKS=0;
SET @OLD_SQL_MODE=@@SQL_MODE, SQL_MODE='TRADITIONAL,ALLOW_INVALID_DATES';

-- -----------------------------------------------------
-- Schema equipo03
-- -----------------------------------------------------

-- -----------------------------------------------------
-- Table `unidad`
-- -----------------------------------------------------
CREATE TABLE IF NOT EXISTS `unidad` (
  `simbolo` VARCHAR(10) NOT NULL COMMENT 'Símbolo usado para representar la unidad de manera corta.',
  `nombre` VARCHAR(45) NOT NULL COMMENT 'Nombre de la unidad.',
  UNIQUE INDEX `nombre_UNIQUE` (`nombre` ASC),
  PRIMARY KEY (`simbolo`))
ENGINE = InnoDB;


-- -----------------------------------------------------
-- Table `insumo`
-- -----------------------------------------------------
CREATE TABLE IF NOT EXISTS `insumo` (
  `id` INT UNSIGNED NOT NULL AUTO_INCREMENT COMMENT 'Identificador único interno del insumo',
  `nombre` VARCHAR(45) NOT NULL COMMENT 'Nombre del insumo.',
  `descripcion` VARCHAR(45) NOT NULL COMMENT 'Descripción general del insumo.',
  `unidad` VARCHAR(10) NOT NULL,
  PRIMARY KEY (`id`),
  INDEX `fk_insumo_unidad_idx` (`unidad` ASC),
  CONSTRAINT `fk_insumo_unidad`
    FOREIGN KEY (`unidad`)
    REFERENCES `unidad` (`simbolo`)
    ON DELETE NO ACTION
    ON UPDATE NO ACTION)
ENGINE = InnoDB;


-- -----------------------------------------------------
-- Table `servicio`
-- -----------------------------------------------------
CREATE TABLE IF NOT EXISTS `servicio` (
  `id` INT UNSIGNED NOT NULL AUTO_INCREMENT COMMENT 'Identificador único interno del servicio.',
  `nombre` VARCHAR(45) NOT NULL COMMENT 'Nombre del servicio.',
  `descripcion` VARCHAR(100) NOT NULL COMMENT 'Descripción general a mostrar del servicio.',
  `precio` DECIMAL(12,2) NOT NULL COMMENT 'Precio de negociación.',
  PRIMARY KEY (`id`))
ENGINE = InnoDB;


-- -----------------------------------------------------
-- Table `actividad`
-- -----------------------------------------------------
CREATE TABLE IF NOT EXISTS `actividad` (
  `id` INT UNSIGNED NOT NULL AUTO_INCREMENT COMMENT 'Identificador de la plantilla de actividad.',
  `servicio` INT UNSIGNED NOT NULL,
  `padre` INT UNSIGNED NULL COMMENT 'Si la actividad es parte de otra, es el identificador de la actividad padre.',
  `nombre` VARCHAR(45) NOT NULL COMMENT 'Nombre a mostrar de la actividad.',
  `descripcion` VARCHAR(45) NOT NULL COMMENT 'Descripción de la actividad.',
  `prioridad` ENUM('urgente', 'alta', 'media', 'baja') NOT NULL COMMENT 'Prioridad por defecto de la actividad.',
  PRIMARY KEY (`id`),
  INDEX `fk_actividad_actividad_idx` (`padre` ASC),
  INDEX `fk_actividad_servicio_idx` (`servicio` ASC),
  CONSTRAINT `fk_actividad_actividad`
    FOREIGN KEY (`padre`)
    REFERENCES `actividad` (`id`)
    ON DELETE CASCADE
    ON UPDATE CASCADE,
  CONSTRAINT `fk_actividad_servicio`
    FOREIGN KEY (`servicio`)
    REFERENCES `servicio` (`id`)
    ON DELETE CASCADE
    ON UPDATE CASCADE)
ENGINE = InnoDB;


-- -----------------------------------------------------
-- Table `direccion`
-- -----------------------------------------------------
CREATE TABLE IF NOT EXISTS `direccion` (
  `id` INT UNSIGNED NOT NULL AUTO_INCREMENT COMMENT 'Identificador único interno de la dirección',
  `exterior` VARCHAR(5) NULL COMMENT 'Número exterior de la dirección',
  `interior` VARCHAR(10) NULL COMMENT 'Posible número interior',
  `calle` VARCHAR(45) NULL COMMENT 'Nombre de la calle.',
  `colonia` VARCHAR(45) NULL COMMENT 'Nombre de la colonia',
  `cp` VARCHAR(5) NULL COMMENT 'Código postal correspondiente a la dirección.',
  `latitud` DECIMAL(10,6) NULL,
  `longitud` DECIMAL(10,6) NULL,
  PRIMARY KEY (`id`))
ENGINE = InnoDB;


-- -----------------------------------------------------
-- Table `persona`
-- -----------------------------------------------------
CREATE TABLE IF NOT EXISTS `persona` (
  `id` INT UNSIGNED NOT NULL AUTO_INCREMENT COMMENT 'Identificador único genérico interno para el registro de personas en el sistema.',
  `rfc` VARCHAR(13) NULL COMMENT 'RFC de la persona o empresa.',
  `nombre` VARCHAR(50) NOT NULL COMMENT 'Nombre a mostrar de la persona (Siendo razón social en caso de persona moral).',
  `correo` VARCHAR(50) NULL COMMENT 'Correo electrónico asociado a la persona.',
  `domicilio` INT UNSIGNED NULL,
  PRIMARY KEY (`id`),
  INDEX `fk_persona_direccion_idx` (`domicilio` ASC),
  CONSTRAINT `fk_persona_domicilio`
    FOREIGN KEY (`domicilio`)
    REFERENCES `direccion` (`id`)
    ON DELETE NO ACTION
    ON UPDATE NO ACTION)
ENGINE = InnoDB;


-- -----------------------------------------------------
-- Table `evento`
-- -----------------------------------------------------
CREATE TABLE IF NOT EXISTS `evento` (
  `id` INT UNSIGNED NOT NULL AUTO_INCREMENT COMMENT 'Identificador único interno del evento.',
  `nombre` VARCHAR(45) NOT NULL COMMENT 'Nombre descriptivo del evento a realizar.',
  `cliente` INT UNSIGNED NULL COMMENT 'Identificador único del cliente que contrata evento.',
  `lugar` INT UNSIGNED NOT NULL COMMENT 'Identificador único del lugar dónde se realizaría el evento.',
  `descripcion` VARCHAR(45) NULL COMMENT 'Descripción general e anotaciones especiales.',
  `fecha` DATETIME NULL COMMENT 'Hora y fecha de la realización del evento.',
  `personas` INT UNSIGNED NULL COMMENT 'Número de personas a las que se atenderá en el evento.',
  `estado` ENUM('presupuesto', 'confirmado', 'cancelado') NOT NULL COMMENT 'Estado actual del evento.',
  `costos_fijos` DECIMAL(12,2) NOT NULL DEFAULT 0 COMMENT 'Costos de administración del evento.',
  PRIMARY KEY (`id`),
  INDEX `fk_evento_lugar_idx` (`lugar` ASC),
  INDEX `fk_evento_cliente_idx` (`cliente` ASC),
  CONSTRAINT `fk_evento_lugar`
    FOREIGN KEY (`lugar`)
    REFERENCES `direccion` (`id`)
    ON DELETE RESTRICT
    ON UPDATE RESTRICT,
  CONSTRAINT `fk_evento_cliente`
    FOREIGN KEY (`cliente`)
    REFERENCES `persona` (`id`)
    ON DELETE RESTRICT
    ON UPDATE CASCADE)
ENGINE = InnoDB;


-- -----------------------------------------------------
-- Table `tarea`
-- -----------------------------------------------------
CREATE TABLE IF NOT EXISTS `tarea` (
  `id` INT UNSIGNED NOT NULL AUTO_INCREMENT COMMENT 'Identificador único interno de la tarea',
  `padre` INT UNSIGNED NULL COMMENT 'Identificador único de la posible tarea a la que correspondería cierta subtarea.',
  `nombre` VARCHAR(45) NOT NULL COMMENT 'Nombre corto a mostrar de la tarea',
  `descripcion` VARCHAR(45) NOT NULL COMMENT 'Descripción de la tarea',
  `prioridad` ENUM('urgente', 'alta', 'media', 'baja') NOT NULL COMMENT 'Prioridad asignada a la tarea',
  `completada` DATETIME NULL COMMENT 'Fecha en que la tarea fue marcada como completada',
  `evento` INT UNSIGNED NOT NULL COMMENT 'Evento al que corresponde la tarea.',
  PRIMARY KEY (`id`),
  INDEX `pendiente_evento_fk_idx` (`evento` ASC),
  INDEX `fk_tarea_tarea_idx` (`padre` ASC),
  CONSTRAINT `fk_tarea_evento`
    FOREIGN KEY (`evento`)
    REFERENCES `evento` (`id`)
    ON DELETE CASCADE
    ON UPDATE CASCADE,
  CONSTRAINT `fk_tarea_tarea`
    FOREIGN KEY (`padre`)
    REFERENCES `tarea` (`id`)
    ON DELETE CASCADE
    ON UPDATE CASCADE)
ENGINE = InnoDB;


-- -----------------------------------------------------
-- Table `cuenta`
-- -----------------------------------------------------
CREATE TABLE IF NOT EXISTS `cuenta` (
  `id` INT UNSIGNED NOT NULL COMMENT 'Identificador único interno de el empleado al que le corresponde la cuenta.',
  `usuario` VARCHAR(20) NOT NULL COMMENT 'Nombre de usuario usado para iniciar sesión en el sistema.',
  `contrasenia` VARCHAR(64) NOT NULL COMMENT 'Hash de la contraseña concatenada con la sal.',
  `sal` VARCHAR(8) NOT NULL COMMENT 'Sal aleatoria a concatenar con la contraseña.',
  `recuperar` VARCHAR(64) NULL COMMENT 'Cadena aleatoria genearada para la recuperación de la contraseña. Se enviará por correo.',
  `recuperar_hasta` DATETIME NULL COMMENT 'Fecha y hora de expiración de la cadena de recuperación.',
  PRIMARY KEY (`id`, `usuario`),
  CONSTRAINT `fk_cuenta_persona`
    FOREIGN KEY (`id`)
    REFERENCES `persona` (`id`)
    ON DELETE CASCADE
    ON UPDATE CASCADE)
ENGINE = InnoDB;


-- -----------------------------------------------------
-- Table `rol`
-- -----------------------------------------------------
CREATE TABLE IF NOT EXISTS `rol` (
  `id` INT UNSIGNED NOT NULL AUTO_INCREMENT COMMENT 'Identificador único interno del rol',
  `nombre` VARCHAR(45) NOT NULL COMMENT 'Nombre a mostrar del rol',
  `descripcion` VARCHAR(150) NOT NULL COMMENT 'Descripción general de los privilegios del rol',
  PRIMARY KEY (`id`),
  UNIQUE INDEX `nombre_UNIQUE` (`nombre` ASC),
  UNIQUE INDEX `id_UNIQUE` (`id` ASC))
ENGINE = InnoDB;


-- -----------------------------------------------------
-- Table `permiso`
-- -----------------------------------------------------
CREATE TABLE IF NOT EXISTS `permiso` (
  `nombre` VARCHAR(255) NOT NULL COMMENT 'Nombre interno al sistema del permiso a realizar cierta acción',
  `descripcion` VARCHAR(255) NOT NULL COMMENT 'Descripción de lo que el usuario puede hacer con el permiso concedido',
  `asignable` TINYINT(1) NOT NULL,
  PRIMARY KEY (`nombre`))
ENGINE = InnoDB;


-- -----------------------------------------------------
-- Table `telefono`
-- -----------------------------------------------------
CREATE TABLE IF NOT EXISTS `telefono` (
  `persona` INT UNSIGNED NOT NULL COMMENT 'Clave foránea de la persona asociada al teléfono',
  `tipo` VARCHAR(20) NOT NULL COMMENT 'Uso asociado al teléfono.',
  `numero` VARCHAR(10) NOT NULL COMMENT 'Número a 10 dígitos del teléfono.',
  `extension` VARCHAR(5) NULL COMMENT 'Extensión posible del teléfono.',
  PRIMARY KEY (`persona`, `numero`),
  CONSTRAINT `fk_telefono_persona`
    FOREIGN KEY (`persona`)
    REFERENCES `persona` (`id`)
    ON DELETE CASCADE
    ON UPDATE CASCADE)
ENGINE = InnoDB;


-- -----------------------------------------------------
-- Table `rol_permiso`
-- -----------------------------------------------------
CREATE TABLE IF NOT EXISTS `rol_permiso` (
  `rol` INT UNSIGNED NOT NULL COMMENT 'Identificador único interno del rol al que corresponde el permiso.',
  `permiso` VARCHAR(45) NOT NULL COMMENT 'Identificador único interno del permiso.',
  INDEX `fk_rol_permiso_rol_idx` (`rol` ASC),
  INDEX `fk_rol_permiso_permiso_idx` (`permiso` ASC),
  PRIMARY KEY (`rol`, `permiso`),
  CONSTRAINT `fk_rol_permiso_rol`
    FOREIGN KEY (`rol`)
    REFERENCES `rol` (`id`)
    ON DELETE CASCADE
    ON UPDATE CASCADE,
  CONSTRAINT `fk_rol_permiso_permiso`
    FOREIGN KEY (`permiso`)
    REFERENCES `permiso` (`nombre`)
    ON DELETE CASCADE
    ON UPDATE CASCADE)
ENGINE = InnoDB;


-- -----------------------------------------------------
-- Table `cuenta_rol`
-- -----------------------------------------------------
CREATE TABLE IF NOT EXISTS `cuenta_rol` (
  `cuenta` INT UNSIGNED NOT NULL COMMENT 'Cuenta a la que le corresponde el rol.',
  `rol` INT UNSIGNED NOT NULL COMMENT 'Rol correspondido a la cuenta.',
  INDEX `fk_cuenta_rol_cuenta_idx` (`cuenta` ASC),
  INDEX `fk_cuenta_rol_rol_idx` (`rol` ASC),
  PRIMARY KEY (`cuenta`, `rol`),
  CONSTRAINT `fk_cuenta_rol_cuenta`
    FOREIGN KEY (`cuenta`)
    REFERENCES `cuenta` (`id`)
    ON DELETE CASCADE
    ON UPDATE NO ACTION,
  CONSTRAINT `fk_cuenta_rol_rol`
    FOREIGN KEY (`rol`)
    REFERENCES `rol` (`id`)
    ON DELETE CASCADE
    ON UPDATE NO ACTION)
ENGINE = InnoDB;


-- -----------------------------------------------------
-- Table `insumo_proveedor`
-- -----------------------------------------------------
CREATE TABLE IF NOT EXISTS `insumo_proveedor` (
  `id` INT UNSIGNED NOT NULL AUTO_INCREMENT,
  `insumo` INT UNSIGNED NOT NULL COMMENT 'Identificador del insumo.',
  `proveedor` INT UNSIGNED NOT NULL COMMENT 'Identificador del proveedor.',
  `cantidad` INT UNSIGNED NOT NULL COMMENT 'Cantidad en la que es vendido el insumo en la unidad especificada.',
  `presentacion` VARCHAR(50) NOT NULL,
  `costo` DECIMAL(12,2) UNSIGNED NOT NULL COMMENT 'Precio estimado de venta del insumo.',
  INDEX `fk_insumo_proveedor_insumo_idx` (`insumo` ASC),
  PRIMARY KEY (`id`, `insumo`, `proveedor`, `cantidad`, `presentacion`),
  INDEX `fk_insumo_proveedor_persona_idx` (`proveedor` ASC),
  CONSTRAINT `fk_insumo_proveedor_insumo`
    FOREIGN KEY (`insumo`)
    REFERENCES `insumo` (`id`)
    ON DELETE NO ACTION
    ON UPDATE NO ACTION,
  CONSTRAINT `fk_insumo_proveedor_persona`
    FOREIGN KEY (`proveedor`)
    REFERENCES `persona` (`id`)
    ON DELETE NO ACTION
    ON UPDATE NO ACTION)
ENGINE = InnoDB;


-- -----------------------------------------------------
-- Table `servicio_proveedor`
-- -----------------------------------------------------
CREATE TABLE IF NOT EXISTS `servicio_proveedor` (
  `servicio` INT UNSIGNED NOT NULL COMMENT 'Identificador del servicio.',
  `proveedor` INT UNSIGNED NOT NULL COMMENT 'Identificador del proveedor.',
  `costo` DECIMAL(12,2) UNSIGNED NOT NULL COMMENT 'Costo asociado al servicio.',
  INDEX `fk_servicio_proveedor_servicio_idx` (`servicio` ASC),
  INDEX `fk_servicio_proveedor_proveedor_idx` (`proveedor` ASC),
  PRIMARY KEY (`servicio`, `proveedor`),
  CONSTRAINT `fk_servicio_proveedor_servicio`
    FOREIGN KEY (`servicio`)
    REFERENCES `servicio` (`id`)
    ON DELETE CASCADE
    ON UPDATE CASCADE,
  CONSTRAINT `fk_servicio_proveedor_proveedor`
    FOREIGN KEY (`proveedor`)
    REFERENCES `persona` (`id`)
    ON DELETE RESTRICT
    ON UPDATE CASCADE)
ENGINE = InnoDB;


-- -----------------------------------------------------
-- Table `servicio_insumo`
-- -----------------------------------------------------
CREATE TABLE IF NOT EXISTS `servicio_insumo` (
  `servicio` INT UNSIGNED NOT NULL COMMENT 'Identificador único interno del servicio al que corresponde el insumo.',
  `insumo` INT UNSIGNED NOT NULL COMMENT 'Identificador único interno del insumo.',
  `cantidad` INT UNSIGNED NOT NULL COMMENT 'Cantidad de insumo necesario para servicio.',
  INDEX `fk_servicio_insumo_servicio_idx` (`servicio` ASC),
  INDEX `fk_servicio_insumo_insumo_idx` (`insumo` ASC),
  PRIMARY KEY (`servicio`, `insumo`),
  CONSTRAINT `fk_servicio_insumo_servicio`
    FOREIGN KEY (`servicio`)
    REFERENCES `servicio` (`id`)
    ON DELETE CASCADE
    ON UPDATE CASCADE,
  CONSTRAINT `fk_servicio_insumo_insumo`
    FOREIGN KEY (`insumo`)
    REFERENCES `insumo` (`id`)
    ON DELETE RESTRICT
    ON UPDATE CASCADE)
ENGINE = InnoDB;


-- -----------------------------------------------------
-- Table `puesto`
-- -----------------------------------------------------
CREATE TABLE IF NOT EXISTS `puesto` (
  `id` INT UNSIGNED NOT NULL AUTO_INCREMENT COMMENT 'Identificador único del puesto de trabajo en un evento.',
  `nombre` VARCHAR(45) NOT NULL COMMENT 'Nombre descriptivo del puesto.',
  `descripción` VARCHAR(45) NOT NULL COMMENT 'Descripción de el puesto de trabajo. Actividades que realiza.',
  `salario` DECIMAL(12,2) NOT NULL COMMENT 'Cantidad pagada a quien ejerce este puesto durante un turno.',
  PRIMARY KEY (`id`))
ENGINE = InnoDB;


-- -----------------------------------------------------
-- Table `evento_empleado`
-- -----------------------------------------------------
CREATE TABLE IF NOT EXISTS `evento_empleado` (
  `evento` INT UNSIGNED NOT NULL COMMENT 'Identificador único del evento al que corresponde la asignación de empleado.',
  `empleado` INT UNSIGNED NOT NULL COMMENT 'Identificador único del empleado.',
  `puesto` INT UNSIGNED NOT NULL COMMENT 'Identificador único del puesto que desempeñará el empleado en el evento.',
  `turnos` INT UNSIGNED NOT NULL COMMENT 'Número de turnos de trabajo. El turno es la unidad de trabajo asociada al pago.',
  `salario` DECIMAL(12,2) NOT NULL,
  INDEX `fk_evento_empleado_evento_idx` (`evento` ASC),
  PRIMARY KEY (`evento`, `empleado`, `puesto`),
  INDEX `fk_evento_empleado_puesto_idx` (`puesto` ASC),
  INDEX `fk_evento_empleado_empleado_idx` (`empleado` ASC),
  CONSTRAINT `fk_evento_empleado_evento`
    FOREIGN KEY (`evento`)
    REFERENCES `evento` (`id`)
    ON DELETE CASCADE
    ON UPDATE CASCADE,
  CONSTRAINT `fk_evento_empleado_puesto`
    FOREIGN KEY (`puesto`)
    REFERENCES `puesto` (`id`)
    ON DELETE RESTRICT
    ON UPDATE CASCADE,
  CONSTRAINT `fk_evento_empleado_empleado`
    FOREIGN KEY (`empleado`)
    REFERENCES `persona` (`id`)
    ON DELETE NO ACTION
    ON UPDATE NO ACTION)
ENGINE = InnoDB;


-- -----------------------------------------------------
-- Table `evento_servicio`
-- -----------------------------------------------------
CREATE TABLE IF NOT EXISTS `evento_servicio` (
  `evento` INT UNSIGNED NOT NULL COMMENT 'Identificador único interno del evento al que corresponde el servicio.',
  `servicio` INT UNSIGNED NOT NULL COMMENT 'Identificador único interno del servicio.',
  `proveedor` INT UNSIGNED NOT NULL COMMENT 'identificador del proveedor',
  `cantidad` INT UNSIGNED NOT NULL COMMENT 'Cantidad contratada del servicio.',
  `costo` DECIMAL(12,2) NOT NULL,
  `precio` DECIMAL(12,2) NOT NULL,
  PRIMARY KEY (`evento`, `servicio`, `proveedor`),
  INDEX `fk_evento_servicio_servicio_idx` (`servicio` ASC),
  INDEX `fk_evento_servicio_proveedor_idx` (`proveedor` ASC),
  CONSTRAINT `fk_evento_servicio_evento`
    FOREIGN KEY (`evento`)
    REFERENCES `evento` (`id`)
    ON DELETE CASCADE
    ON UPDATE CASCADE,
  CONSTRAINT `fk_evento_servicio_servicio`
    FOREIGN KEY (`servicio`)
    REFERENCES `servicio` (`id`)
    ON DELETE RESTRICT
    ON UPDATE CASCADE,
  CONSTRAINT `fk_evento_servicio_proveedor`
    FOREIGN KEY (`proveedor`)
    REFERENCES `persona` (`id`)
    ON DELETE RESTRICT
    ON UPDATE CASCADE)
ENGINE = InnoDB;


-- -----------------------------------------------------
-- Table `tipo_contacto`
-- -----------------------------------------------------
CREATE TABLE IF NOT EXISTS `tipo_contacto` (
  `id` INT UNSIGNED NOT NULL AUTO_INCREMENT COMMENT 'Identificador único interno del tipo de contacto',
  `nombre` VARCHAR(30) NOT NULL COMMENT 'Nombre del tipo o categoría del contacto',
  `descripcion` VARCHAR(100) NOT NULL COMMENT 'Descripción de las facultades o temas que atiende el contacto.',
  PRIMARY KEY (`id`, `nombre`))
ENGINE = InnoDB;


-- -----------------------------------------------------
-- Table `contacto`
-- -----------------------------------------------------
CREATE TABLE IF NOT EXISTS `contacto` (
  `evento` INT UNSIGNED NOT NULL COMMENT 'Identificador único interno del evento al que corresponde el contacto.',
  `nombre` VARCHAR(50) NOT NULL,
  `descripcion` VARCHAR(100) NULL,
  `telefono` VARCHAR(20) NULL,
  `correo` VARCHAR(50) NULL,
  PRIMARY KEY (`evento`, `nombre`),
  CONSTRAINT `fk_evento_contacto_evento`
    FOREIGN KEY (`evento`)
    REFERENCES `evento` (`id`)
    ON DELETE CASCADE
    ON UPDATE CASCADE)
ENGINE = InnoDB;


-- -----------------------------------------------------
-- Table `persona_tipo_persona`
-- -----------------------------------------------------
CREATE TABLE IF NOT EXISTS `persona_tipo_persona` (
  `persona` INT UNSIGNED NOT NULL,
  `tipo_persona` ENUM('empleado', 'cliente', 'proveedor') NOT NULL,
  PRIMARY KEY (`persona`, `tipo_persona`),
  CONSTRAINT `fk_persona_tipo_persona_persona`
    FOREIGN KEY (`persona`)
    REFERENCES `persona` (`id`)
    ON DELETE CASCADE
    ON UPDATE CASCADE)
ENGINE = InnoDB;


-- -----------------------------------------------------
-- Table `permiso_permiso`
-- -----------------------------------------------------
CREATE TABLE IF NOT EXISTS `permiso_permiso` (
  `requerido` VARCHAR(255) NOT NULL COMMENT 'Nombre del permiso (ruta) necesario',
  `aceptable` VARCHAR(255) NOT NULL COMMENT 'Nombre del permiso acceptado para acceder a la ruta. Sea por que una ruta puede ser accedida desde varios permisos o porque el el acceptable es una subseccion de la ruta.',
  PRIMARY KEY (`requerido`, `aceptable`),
  INDEX `fk_permiso_permiso_aceptable_idx` (`aceptable` ASC),
  CONSTRAINT `fk_permiso_permiso_requerido`
    FOREIGN KEY (`requerido`)
    REFERENCES `permiso` (`nombre`)
    ON DELETE NO ACTION
    ON UPDATE NO ACTION,
  CONSTRAINT `fk_permiso_permiso_aceptable`
    FOREIGN KEY (`aceptable`)
    REFERENCES `permiso` (`nombre`)
    ON DELETE CASCADE
    ON UPDATE CASCADE)
ENGINE = InnoDB;


-- -----------------------------------------------------
-- Placeholder table for view `proveedor`
-- -----------------------------------------------------
CREATE TABLE IF NOT EXISTS `proveedor` (`id` INT);

-- -----------------------------------------------------
-- Placeholder table for view `cliente`
-- -----------------------------------------------------
CREATE TABLE IF NOT EXISTS `cliente` (`id` INT);

-- -----------------------------------------------------
-- Placeholder table for view `empleado`
-- -----------------------------------------------------
CREATE TABLE IF NOT EXISTS `empleado` (`id` INT);

-- -----------------------------------------------------
-- View `proveedor`
-- -----------------------------------------------------
DROP TABLE IF EXISTS `proveedor`;
CREATE  OR REPLACE VIEW `proveedor` AS(
	SELECT *
	FROM persona p, persona_tipo_persona ptp
	WHERE p.id = ptp.persona
    AND ptp.tipo_persona = 'proveedor'
);

-- -----------------------------------------------------
-- View `cliente`
-- -----------------------------------------------------
DROP TABLE IF EXISTS `cliente`;
CREATE  OR REPLACE VIEW `cliente` AS(
	SELECT *
	FROM persona p, persona_tipo_persona ptp
	WHERE p.id = ptp.persona
    AND ptp.tipo_persona = 'cliente'
);

-- -----------------------------------------------------
-- View `empleado`
-- -----------------------------------------------------
DROP TABLE IF EXISTS `empleado`;
CREATE  OR REPLACE VIEW `empleado` AS(
	SELECT *
	FROM persona p, persona_tipo_persona ptp
	WHERE p.id = ptp.persona
    AND ptp.tipo_persona = 'empleado'
);

-- -----------------------------------------------------
-- Data for table `unidad`
-- -----------------------------------------------------
START TRANSACTION;
INSERT INTO `unidad` (`simbolo`, `nombre`) VALUES ('kg', 'kilogramo(s)');
INSERT INTO `unidad` (`simbolo`, `nombre`) VALUES ('l', 'litro(s)');
INSERT INTO `unidad` (`simbolo`, `nombre`) VALUES ('pz', 'pieza(s)');
INSERT INTO `unidad` (`simbolo`, `nombre`) VALUES ('m', 'metro(m)');

COMMIT;


-- -----------------------------------------------------
-- Data for table `insumo`
-- -----------------------------------------------------
START TRANSACTION;
INSERT INTO `insumo` (`id`, `nombre`, `descripcion`, `unidad`) VALUES (DEFAULT, 'Galleta oreo de chocolate blanco', 'descripción de galletas', 'pz');
INSERT INTO `insumo` (`id`, `nombre`, `descripcion`, `unidad`) VALUES (DEFAULT, 'Jamón de pavo', 'lorem ipsum sit amet', 'kg');
INSERT INTO `insumo` (`id`, `nombre`, `descripcion`, `unidad`) VALUES (DEFAULT, 'Agua natural', 'descripción de agua natural', 'l');

COMMIT;


-- -----------------------------------------------------
-- Data for table `direccion`
-- -----------------------------------------------------
START TRANSACTION;
INSERT INTO `direccion` (`id`, `exterior`, `interior`, `calle`, `colonia`, `cp`, `latitud`, `longitud`) VALUES (1, '500', NULL, 'Epigmenio Gonzales', 'San Pablo', '76140', NULL, NULL);
INSERT INTO `direccion` (`id`, `exterior`, `interior`, `calle`, `colonia`, `cp`, `latitud`, `longitud`) VALUES (2, '39', NULL, 'Hortensias', 'Rancho Alegre I', '96558', NULL, NULL);

COMMIT;


-- -----------------------------------------------------
-- Data for table `persona`
-- -----------------------------------------------------
START TRANSACTION;
INSERT INTO `persona` (`id`, `rfc`, `nombre`, `correo`, `domicilio`) VALUES (1, NULL, 'Estrategia Culinaria', 'eventos@estrategiaculinaria.com', 1);
INSERT INTO `persona` (`id`, `rfc`, `nombre`, `correo`, `domicilio`) VALUES (2, 'cogl9704278t8', 'Lino Contreras', 'linocontreras@outlook.com', 2);

COMMIT;


-- -----------------------------------------------------
-- Data for table `cuenta`
-- -----------------------------------------------------
START TRANSACTION;
INSERT INTO `cuenta` (`id`, `usuario`, `contrasenia`, `sal`, `recuperar`, `recuperar_hasta`) VALUES (1, 'admin', 'ac9689e2272427085e35b9d3e3e8bed88cb3434828b43b86fc0596cad4c6e270', '1234', NULL, NULL);
INSERT INTO `cuenta` (`id`, `usuario`, `contrasenia`, `sal`, `recuperar`, `recuperar_hasta`) VALUES (2, 'linocontreras', 'c22dd6e8c3485d364e632c1b1dd37e1cbdd19cb77b2054c9513cdf028e907bde', '1234', NULL, NULL);

COMMIT;


-- -----------------------------------------------------
-- Data for table `rol`
-- -----------------------------------------------------
START TRANSACTION;
INSERT INTO `rol` (`id`, `nombre`, `descripcion`) VALUES (1, 'default', 'Usuarios sin sesión activa en el sistema');
INSERT INTO `rol` (`id`, `nombre`, `descripcion`) VALUES (2, 'Administrador', 'Administrador general del sistema. Tiene acceso y privilegios de toda la funcionalidad del sistema.');

COMMIT;


-- -----------------------------------------------------
-- Data for table `permiso`
-- -----------------------------------------------------
START TRANSACTION;
INSERT INTO `permiso` (`nombre`, `descripcion`, `asignable`) VALUES ('/', 'Permite visualizar la pՍgina principal del sistema.', TRUE);
INSERT INTO `permiso` (`nombre`, `descripcion`, `asignable`) VALUES ('/agenda', 'Permite visualizar la vista de agenda.', TRUE);
INSERT INTO `permiso` (`nombre`, `descripcion`, `asignable`) VALUES ('/agenda/sendevents', 'Requerido para la vista de agenda.', FALSE);
INSERT INTO `permiso` (`nombre`, `descripcion`, `asignable`) VALUES ('/clientes', 'Permite visualizar la sección de clientes.', TRUE);
INSERT INTO `permiso` (`nombre`, `descripcion`, `asignable`) VALUES ('/clientes/buscar', 'Permite buscar entre los clientes registrados.', TRUE);
INSERT INTO `permiso` (`nombre`, `descripcion`, `asignable`) VALUES ('/clientes/detalles', 'Permite consultar los detalles de un cliente.', TRUE);
INSERT INTO `permiso` (`nombre`, `descripcion`, `asignable`) VALUES ('/clientes/eliminar', 'Permite eliminar una persona del tipo cliente.', TRUE);
INSERT INTO `permiso` (`nombre`, `descripcion`, `asignable`) VALUES ('/clientes/listar', 'Permite listar los clientes registrados en el sistema.', TRUE);
INSERT INTO `permiso` (`nombre`, `descripcion`, `asignable`) VALUES ('/clientes/registrar', 'Permite registrar una persona del tipo cliente.', TRUE);
INSERT INTO `permiso` (`nombre`, `descripcion`, `asignable`) VALUES ('/clientes/searchAjax', 'Requerido para múltiples interfaces que buscan a los clientes.', FALSE);
INSERT INTO `permiso` (`nombre`, `descripcion`, `asignable`) VALUES ('/cuentas', 'Permite visualiza la sección de cuentas.', TRUE);
INSERT INTO `permiso` (`nombre`, `descripcion`, `asignable`) VALUES ('/cuentas/administrar', 'Permite a un usuario modificar los permisos de un rol', TRUE);
INSERT INTO `permiso` (`nombre`, `descripcion`, `asignable`) VALUES ('/cuentas/buscar', 'Permite buscar entre las cuentas del sistema', TRUE);
INSERT INTO `permiso` (`nombre`, `descripcion`, `asignable`) VALUES ('/cuentas/cuenta', 'Permite a un usuario realizar acciones relacionadas a su cuenta como cerrar sesión.', TRUE);
INSERT INTO `permiso` (`nombre`, `descripcion`, `asignable`) VALUES ('/cuentas/listar', 'Permite listar las cuentas del sistema registradas.', TRUE);
INSERT INTO `permiso` (`nombre`, `descripcion`, `asignable`) VALUES ('/cuentas/recuperar', 'Permite a un usuario recuperar su cuenta por medio del correo registrado.', TRUE);
INSERT INTO `permiso` (`nombre`, `descripcion`, `asignable`) VALUES ('/cuentas/registrar', 'Permite registrar cuentas en el sistema', TRUE);
INSERT INTO `permiso` (`nombre`, `descripcion`, `asignable`) VALUES ('/empleados', 'Permite visualizar la sección de empleados.', TRUE);
INSERT INTO `permiso` (`nombre`, `descripcion`, `asignable`) VALUES ('/empleados/buscar', 'Permite buscar entre los empleados registrados.', TRUE);
INSERT INTO `permiso` (`nombre`, `descripcion`, `asignable`) VALUES ('/empleados/detalles', 'Permite visualizar la información detallada de un empleado', TRUE);
INSERT INTO `permiso` (`nombre`, `descripcion`, `asignable`) VALUES ('/empleados/eliminar', 'Permite eliminar una persona del tipo empleado.', TRUE);
INSERT INTO `permiso` (`nombre`, `descripcion`, `asignable`) VALUES ('/empleados/listar', 'Permite listar los empleados registrados en el sistema.', TRUE);
INSERT INTO `permiso` (`nombre`, `descripcion`, `asignable`) VALUES ('/empleados/registrar', 'Permite registrar una perosna del tipo empleado.', TRUE);
INSERT INTO `permiso` (`nombre`, `descripcion`, `asignable`) VALUES ('/empleados/searchAjax', 'Requerido para múltiples interfaces que buscan empleados.', FALSE);
INSERT INTO `permiso` (`nombre`, `descripcion`, `asignable`) VALUES ('/eventos', 'Permite visualizar la sección de eventos.', TRUE);
INSERT INTO `permiso` (`nombre`, `descripcion`, `asignable`) VALUES ('/eventos/editar', 'Permite actualizar la información de un evento.', TRUE);
INSERT INTO `permiso` (`nombre`, `descripcion`, `asignable`) VALUES ('/eventos/eliminar', 'Permite eliminar un evento.', TRUE);
INSERT INTO `permiso` (`nombre`, `descripcion`, `asignable`) VALUES ('/eventos/getEventTasksAjax', 'Requerido para interfaz de agenda.', FALSE);
INSERT INTO `permiso` (`nombre`, `descripcion`, `asignable`) VALUES ('/eventos/listar', 'Permite listar los eventos registrados en el sistema.', TRUE);
INSERT INTO `permiso` (`nombre`, `descripcion`, `asignable`) VALUES ('/eventos/postTareaState', 'Permite actualizar el estado de una tarea a completado/no completado', FALSE);
INSERT INTO `permiso` (`nombre`, `descripcion`, `asignable`) VALUES ('/eventos/registrar', 'Permite registrar un evento en el sistema.', TRUE);
INSERT INTO `permiso` (`nombre`, `descripcion`, `asignable`) VALUES ('/insumos', 'Permite visualizar la sección de insumos.', TRUE);
INSERT INTO `permiso` (`nombre`, `descripcion`, `asignable`) VALUES ('/insumos/buscar', 'Permite buscar un insumo en el sistema', TRUE);
INSERT INTO `permiso` (`nombre`, `descripcion`, `asignable`) VALUES ('/insumos/detalles', 'Permite consultar los detalles de un insumo.', TRUE);
INSERT INTO `permiso` (`nombre`, `descripcion`, `asignable`) VALUES ('/insumos/editar', 'Permite actualizar la información de un insumo.', TRUE);
INSERT INTO `permiso` (`nombre`, `descripcion`, `asignable`) VALUES ('/insumos/eliminar', 'Permite eliminar un insumo', TRUE);
INSERT INTO `permiso` (`nombre`, `descripcion`, `asignable`) VALUES ('/insumos/listar', 'Permite listar los insumos registrados en el sistema.', TRUE);
INSERT INTO `permiso` (`nombre`, `descripcion`, `asignable`) VALUES ('/insumos/registrar', 'Permite registrar un insumo en el sistema', TRUE);
INSERT INTO `permiso` (`nombre`, `descripcion`, `asignable`) VALUES ('/insumos/reportes', 'Permite hacer una prueba de reporte de insumos', TRUE);
INSERT INTO `permiso` (`nombre`, `descripcion`, `asignable`) VALUES ('/insumos/searchAjax', 'Requerido por diversas interfaces que buscan insumos.', FALSE);
INSERT INTO `permiso` (`nombre`, `descripcion`, `asignable`) VALUES ('/login', 'Permite visualizar la interfaz de inicio de sesión.', TRUE);
INSERT INTO `permiso` (`nombre`, `descripcion`, `asignable`) VALUES ('/personas/editar', 'Permite cargar la interfaz de editar una persona y hacer post.', FALSE);
INSERT INTO `permiso` (`nombre`, `descripcion`, `asignable`) VALUES ('/personas/eliminar', 'Permite eliminar una persona.', FALSE);
INSERT INTO `permiso` (`nombre`, `descripcion`, `asignable`) VALUES ('/personas/registrar', 'Permite cargar la interfaz de registrar a una persona y hacer post.', FALSE);
INSERT INTO `permiso` (`nombre`, `descripcion`, `asignable`) VALUES ('/proveedores', 'Permite visualizar la sección de proveedores.', TRUE);
INSERT INTO `permiso` (`nombre`, `descripcion`, `asignable`) VALUES ('/proveedores/buscar', 'Permite buscar a un proveedor registrado en el sistema.', TRUE);
INSERT INTO `permiso` (`nombre`, `descripcion`, `asignable`) VALUES ('/proveedores/detalles', 'Permite visualizar la información detallada de un proveedor', TRUE);
INSERT INTO `permiso` (`nombre`, `descripcion`, `asignable`) VALUES ('/proveedores/Eliminar', 'Permite eliminar una persona del tipo proveedor', TRUE);
INSERT INTO `permiso` (`nombre`, `descripcion`, `asignable`) VALUES ('/proveedores/listar', 'Permite listar los proveedores registrados en el sistema.', TRUE);
INSERT INTO `permiso` (`nombre`, `descripcion`, `asignable`) VALUES ('/proveedores/porServicioAjax', 'Requerido para interfaces que consuten qué proveedor proverá qué servicio.', FALSE);
INSERT INTO `permiso` (`nombre`, `descripcion`, `asignable`) VALUES ('/proveedores/registrar', 'Permite registrar a una persona como proveedor.', TRUE);
INSERT INTO `permiso` (`nombre`, `descripcion`, `asignable`) VALUES ('/proveedores/searchAjax', 'Requerido por múltiples interfaces que muestran proveedores.', FALSE);
INSERT INTO `permiso` (`nombre`, `descripcion`, `asignable`) VALUES ('/servicios', 'Permite visualizar la sección de servicios.', TRUE);
INSERT INTO `permiso` (`nombre`, `descripcion`, `asignable`) VALUES ('/servicios/buscar', 'Permite buscar un servicio en el sistema.', TRUE);
INSERT INTO `permiso` (`nombre`, `descripcion`, `asignable`) VALUES ('/servicios/detalles', 'Permite consultar los detlles de un servicio.', TRUE);
INSERT INTO `permiso` (`nombre`, `descripcion`, `asignable`) VALUES ('/servicios/editar', 'Permite editar un servicio', TRUE);
INSERT INTO `permiso` (`nombre`, `descripcion`, `asignable`) VALUES ('/servicios/eliminar', 'Permite eliminar un servicio', TRUE);
INSERT INTO `permiso` (`nombre`, `descripcion`, `asignable`) VALUES ('/servicios/listar', 'Permite listar los servicios registrados en el sistema.', TRUE);
INSERT INTO `permiso` (`nombre`, `descripcion`, `asignable`) VALUES ('/servicios/registrar', 'Permite registrar un servicio en el sistema.', TRUE);
INSERT INTO `permiso` (`nombre`, `descripcion`, `asignable`) VALUES ('/servicios/searchAjax', 'Requerido por interfaces que consulten los servicios asíncronamente', FALSE);

COMMIT;


-- -----------------------------------------------------
-- Data for table `telefono`
-- -----------------------------------------------------
START TRANSACTION;
INSERT INTO `telefono` (`persona`, `tipo`, `numero`, `extension`) VALUES (1, 'Personal', '1238193829', NULL);
INSERT INTO `telefono` (`persona`, `tipo`, `numero`, `extension`) VALUES (2, 'Personal', '9212766700', NULL);

COMMIT;


-- -----------------------------------------------------
-- Data for table `permiso_permiso`
-- -----------------------------------------------------
START TRANSACTION;
INSERT INTO `permiso_permiso` (`requerido`, `aceptable`) VALUES ('/agenda/sendevents', '/agenda');
INSERT INTO `permiso_permiso` (`requerido`, `aceptable`) VALUES ('/clientes/searchAjax', '/eventos/registrar');
INSERT INTO `permiso_permiso` (`requerido`, `aceptable`) VALUES ('/clientes/searchAjax', '/eventos/editar');
INSERT INTO `permiso_permiso` (`requerido`, `aceptable`) VALUES ('/empleados/searchAjax', '/eventos/registrar');
INSERT INTO `permiso_permiso` (`requerido`, `aceptable`) VALUES ('/empleados/searchAjax', '/eventos/editar');
INSERT INTO `permiso_permiso` (`requerido`, `aceptable`) VALUES ('/eventos/getEventTasksAjax', '/agenda');
INSERT INTO `permiso_permiso` (`requerido`, `aceptable`) VALUES ('/insumos/searchAjax', '/servicios/registrar');
INSERT INTO `permiso_permiso` (`requerido`, `aceptable`) VALUES ('/insumos/searchAjax', '/servicios/editar');
INSERT INTO `permiso_permiso` (`requerido`, `aceptable`) VALUES ('/personas/registrar', '/clientes/registrar');
INSERT INTO `permiso_permiso` (`requerido`, `aceptable`) VALUES ('/personas/registrar', '/empleados/registrar');
INSERT INTO `permiso_permiso` (`requerido`, `aceptable`) VALUES ('/personas/registrar', '/proveedores/registrar');
INSERT INTO `permiso_permiso` (`requerido`, `aceptable`) VALUES ('/personas/editar', '/clientes/editar');
INSERT INTO `permiso_permiso` (`requerido`, `aceptable`) VALUES ('/personas/editar', '/empleados/editar');
INSERT INTO `permiso_permiso` (`requerido`, `aceptable`) VALUES ('/personas/editar', '/proveedores/editar');
INSERT INTO `permiso_permiso` (`requerido`, `aceptable`) VALUES ('/personas/eliminar', '/clientes/eliminar');
INSERT INTO `permiso_permiso` (`requerido`, `aceptable`) VALUES ('/personas/eliminar', '/empleados/eliminar');
INSERT INTO `permiso_permiso` (`requerido`, `aceptable`) VALUES ('/personas/eliminar', '/proveedores/eliminar');
INSERT INTO `permiso_permiso` (`requerido`, `aceptable`) VALUES ('/proveedores/searchAjax', '/servicios/registrar');
INSERT INTO `permiso_permiso` (`requerido`, `aceptable`) VALUES ('/proveedores/searchAjax', '/servicios/editar');
INSERT INTO `permiso_permiso` (`requerido`, `aceptable`) VALUES ('/proveedores/porServicioAjax', '/eventos/registrar');
INSERT INTO `permiso_permiso` (`requerido`, `aceptable`) VALUES ('/proveedores/porServicioAjax', '/eventos/editar');
INSERT INTO `permiso_permiso` (`requerido`, `aceptable`) VALUES ('/servicios/searchAjax', '/eventos/registrar');
INSERT INTO `permiso_permiso` (`requerido`, `aceptable`) VALUES ('/servicios/searchAjax', '/eventos/editar');
INSERT INTO `permiso_permiso` (`requerido`, `aceptable`) VALUES ('/eventos/postTareaState', '/agenda');
INSERT INTO `permiso_permiso` (`requerido`, `aceptable`) VALUES ('/insumos/eliminar', '/insumos');
INSERT INTO `permiso_permiso` (`requerido`, `aceptable`) VALUES ('/servicios/eliminar', '/servicios');

COMMIT;


SET SQL_MODE=@OLD_SQL_MODE;
SET FOREIGN_KEY_CHECKS=@OLD_FOREIGN_KEY_CHECKS;
SET UNIQUE_CHECKS=@OLD_UNIQUE_CHECKS;
